{
  "seed": [
    2,
    3
  ],
  "count": 400000,
  "train_count": 100000,
  "alpha_refined": 1.1650128738912948,
  "values_file": "ulam_2_3_values_400000.bin",
  "values_sha256": "df4240b637f6a5b745d9a2f95f0125dcc2dae84face7224e60c337938c39f4ac",
  "representation_depth_sha256": "8da19a50aba70a1b48f7f37b563698dbc43c12d5dc2a246c80a78b2a3d462ea6",
  "receipt_chain_file": "ulam_23_400k_promotion_receipts.jsonl",
  "receipt_chain_valid": true,
  "wall_fraction": 0.1,
  "bins": 720,
  "wall_bins": [
    0,
    1,
    2,
    3,
    4,
    5,
    6,
    7,
    8,
    9,
    10,
    11,
    12,
    15,
    16,
    17,
    18,
    19,
    20,
    21,
    22,
    23,
    24,
    25,
    26,
    27,
    28,
    29,
    30,
    31,
    32,
    33,
    665,
    666,
    667,
    668,
    669,
    685,
    686,
    687,
    688,
    689,
    690,
    691,
    692,
    693,
    694,
    695,
    696,
    697,
    698,
    699,
    700,
    701,
    702,
    703,
    704,
    705,
    706,
    707,
    708,
    709,
    710,
    711,
    712,
    713,
    714,
    715,
    716,
    717,
    718,
    719
  ],
  "heldout_main": {
    "train_count": 100000,
    "test_count": 400000,
    "train_max_value": 1114093,
    "test_max_value": 4449166,
    "future_candidate_count": 3335073,
    "future_reachable_count": 2618239,
    "future_accepted_count": 300000,
    "future_rejected_count": 2318239,
    "future_rejection_auc": 0.9903690250501925,
    "accepted_rate_inside_wall": 0.0,
    "accepted_rate_outside_wall": 0.0999479604286035,
    "future_mean_depth_wall_ratio": 3.5853721203291506,
    "future_crowded_density_wall_ratio": 1.5123291453539225,
    "train_mean_depth_wall_ratio": 3.5808802624658647,
    "train_score_future_depth_corr": 0.9725346604555233,
    "train_score_future_reject_corr": 0.9446799955018417,
    "train_score_future_accept_corr": -0.9563842168132853,
    "wall_center_gap_deg": 0.5,
    "suppressed_width_deg": 238.0,
    "train_wall_center_bin": 0,
    "future_depth_center_bin": 719,
    "wall_bins": [
      0,
      1,
      2,
      3,
      4,
      5,
      6,
      7,
      8,
      9,
      10,
      11,
      12,
      13,
      15,
      16,
      17,
      18,
      19,
      20,
      21,
      22,
      23,
      24,
      25,
      26,
      27,
      28,
      29,
      30,
      31,
      32,
      33,
      34,
      666,
      667,
      668,
      669,
      686,
      687,
      688,
      689,
      690,
      691,
      692,
      693,
      694,
      695,
      696,
      697,
      698,
      699,
      700,
      701,
      702,
      703,
      704,
      705,
      706,
      707,
      708,
      709,
      710,
      711,
      712,
      713,
      714,
      715,
      716,
      717,
      718,
      719
    ]
  },
  "random_alpha_controls": {
    "future_rejection_auc": {
      "mean": 0.500097398660641,
      "max": 0.5007554063371665,
      "min": 0.49944197033179066,
      "std": 0.00043870239448537396
    },
    "future_mean_depth_wall_ratio": {
      "mean": 0.9993870297258394,
      "max": 1.000618405198894,
      "min": 0.9943733804086453,
      "std": 0.001563024478179505
    },
    "future_crowded_density_wall_ratio": {
      "mean": 0.9997896809436162,
      "max": 1.0019469317567524,
      "min": 0.9962290279030805,
      "std": 0.0010924611259929896
    },
    "wall_center_gap_deg": {
      "mean": 105.03125,
      "max": 179.0,
      "min": 10.5,
      "std": 55.997619578313326
    }
  },
  "boundary": "Finite certificate manifest. Does not prove asymptotic theorem."
}